6.894760000000000666e+00,1.100000000000000089e+00,5.515808000000000932e-01,1.385000000000000000e+03,1.666146788990825769e+02,2.036421000000000259e+00
6.894760000000000666e+00,1.100000000000000089e+00,5.584755599999999820e-01,1.385000000000000000e+03,1.662935779816513673e+02,2.019816000000000056e+00
6.894760000000000666e+00,1.100000000000000089e+00,5.653703200000000928e-01,1.385000000000000000e+03,1.659816513761468002e+02,2.003535000000000288e+00
6.894760000000000666e+00,1.100000000000000089e+00,5.722650799999999816e-01,1.385000000000000000e+03,1.656697247706421763e+02,1.987659000000000065e+00
6.894760000000000666e+00,1.100000000000000089e+00,5.791598399999999813e-01,1.385000000000000000e+03,1.653577981651376092e+02,1.972107000000000054e+00
6.894760000000000666e+00,1.100000000000000089e+00,5.860545999999999811e-01,1.385000000000000000e+03,1.650550458715595994e+02,1.956879000000000257e+00
6.894760000000000666e+00,1.100000000000000089e+00,5.929493599999998699e-01,1.385000000000000000e+03,1.647431192660550323e+02,1.941975000000000007e+00
6.894760000000000666e+00,1.100000000000000089e+00,5.998441199999998696e-01,1.385000000000000000e+03,1.644403669724770509e+02,1.927395000000000191e+00
6.894760000000000666e+00,1.100000000000000089e+00,6.067388799999998694e-01,1.385000000000000000e+03,1.641376146788990695e+02,1.913139000000000145e+00
6.894760000000000666e+00,1.100000000000000089e+00,6.136336399999998692e-01,1.385000000000000000e+03,1.638440366972477023e+02,1.899125999999999870e+00
6.894760000000000666e+00,1.100000000000000089e+00,6.205283999999997580e-01,1.385000000000000000e+03,1.635412844036697209e+02,1.885356000000000032e+00
6.894760000000000666e+00,1.100000000000000089e+00,6.274231599999998688e-01,1.385000000000000000e+03,1.632477064220183536e+02,1.871910000000000185e+00
6.894760000000000666e+00,1.100000000000000089e+00,6.343179199999997575e-01,1.385000000000000000e+03,1.629541284403669863e+02,1.858707000000000331e+00
6.894760000000000666e+00,1.100000000000000089e+00,6.412126799999997573e-01,1.385000000000000000e+03,1.626697247706421763e+02,1.845747000000000249e+00
6.894760000000000666e+00,1.100000000000000089e+00,6.481074399999997571e-01,1.385000000000000000e+03,1.623761467889908374e+02,1.833111000000000157e+00
6.894760000000000666e+00,1.100000000000000089e+00,6.550021999999997568e-01,1.385000000000000000e+03,1.620917431192660558e+02,1.820637000000000061e+00
6.894760000000000666e+00,1.100000000000000089e+00,6.618969599999997566e-01,1.385000000000000000e+03,1.618073394495412742e+02,1.808406000000000180e+00
6.894760000000000666e+00,1.100000000000000089e+00,6.687917199999996454e-01,1.385000000000000000e+03,1.615229357798164926e+02,1.796418000000000070e+00
6.894760000000000666e+00,1.100000000000000089e+00,6.756864799999996452e-01,1.385000000000000000e+03,1.612477064220183252e+02,1.784673000000000176e+00
6.894760000000000666e+00,1.100000000000000089e+00,6.825812399999995339e-01,1.385000000000000000e+03,1.609633027522935720e+02,1.773090000000000055e+00
6.894760000000000666e+00,1.100000000000000089e+00,6.894759999999995337e-01,1.385000000000000000e+03,1.606880733944954045e+02,1.761749999999999927e+00
6.894760000000000666e+00,1.100000000000000089e+00,6.963707599999996445e-01,1.385000000000000000e+03,1.604128440366972370e+02,1.750653000000000237e+00
6.894760000000000666e+00,1.100000000000000089e+00,7.032655199999995332e-01,1.385000000000000000e+03,1.601376146788990695e+02,1.739718000000000320e+00
6.894760000000000666e+00,1.100000000000000089e+00,7.101602799999995330e-01,1.385000000000000000e+03,1.598623853211009305e+02,1.728945000000000176e+00
6.894760000000000666e+00,1.100000000000000089e+00,7.170550399999995328e-01,1.385000000000000000e+03,1.595963302752293487e+02,1.718415000000000248e+00
6.894760000000000666e+00,1.100000000000000089e+00,7.239497999999994216e-01,1.385000000000000000e+03,1.593302752293577953e+02,1.707966000000000095e+00
6.894760000000000666e+00,1.100000000000000089e+00,7.308445599999994213e-01,1.385000000000000000e+03,1.590550458715596278e+02,1.697760000000000158e+00
6.894760000000000666e+00,1.100000000000000089e+00,7.377393199999995321e-01,1.385000000000000000e+03,1.587981651376146885e+02,1.687716000000000216e+00
6.894760000000000666e+00,1.100000000000000089e+00,7.446340799999994209e-01,1.385000000000000000e+03,1.585321100917431068e+02,1.677915000000000045e+00
6.894760000000000666e+00,1.100000000000000089e+00,7.515288399999994207e-01,1.385000000000000000e+03,1.582660550458715534e+02,1.668195000000000094e+00
6.894760000000000666e+00,1.100000000000000089e+00,7.584235999999993094e-01,1.385000000000000000e+03,1.580091743119265857e+02,1.658636999999999917e+00
6.894760000000000666e+00,1.100000000000000089e+00,7.653183599999993092e-01,1.385000000000000000e+03,1.577431192660550323e+02,1.649240999999999957e+00
6.894760000000000666e+00,1.100000000000000089e+00,7.722131199999991980e-01,1.385000000000000000e+03,1.574862385321100930e+02,1.640007000000000215e+00
6.894760000000000666e+00,1.100000000000000089e+00,7.791078799999993088e-01,1.385000000000000000e+03,1.572293577981651538e+02,1.630935000000000246e+00
6.894760000000000666e+00,1.100000000000000089e+00,7.860026399999993085e-01,1.385000000000000000e+03,1.569816513761467718e+02,1.621944000000000274e+00
6.894760000000000666e+00,1.100000000000000089e+00,7.928973999999991973e-01,1.385000000000000000e+03,1.567247706422018325e+02,1.613196000000000074e+00
6.894760000000000666e+00,1.100000000000000089e+00,7.997921599999991971e-01,1.385000000000000000e+03,1.564678899082568932e+02,1.604448000000000096e+00
6.894760000000000666e+00,1.100000000000000089e+00,8.066869199999991968e-01,1.385000000000000000e+03,1.562201834862385113e+02,1.595943000000000112e+00
6.894760000000000666e+00,1.100000000000000089e+00,8.135816799999990856e-01,1.385000000000000000e+03,1.559724770642201577e+02,1.587519000000000124e+00
6.894760000000000666e+00,1.100000000000000089e+00,8.204764399999991964e-01,1.385000000000000000e+03,1.557247706422018325e+02,1.579257000000000133e+00
6.894760000000000666e+00,1.110000000000000098e+00,5.515808000000000932e-01,1.390599999999999909e+03,1.672935779816513673e+02,2.036421000000000259e+00
6.894760000000000666e+00,1.110000000000000098e+00,5.584755599999999820e-01,1.390599999999999909e+03,1.669724770642201577e+02,2.019816000000000056e+00
6.894760000000000666e+00,1.110000000000000098e+00,5.653703200000000928e-01,1.390599999999999909e+03,1.666605504587155906e+02,2.003616000000000064e+00
6.894760000000000666e+00,1.110000000000000098e+00,5.722650799999999816e-01,1.390599999999999909e+03,1.663394495412843810e+02,1.987740000000000284e+00
6.894760000000000666e+00,1.110000000000000098e+00,5.791598399999999813e-01,1.390599999999999909e+03,1.660275229357798139e+02,1.972188000000000274e+00
6.894760000000000666e+00,1.110000000000000098e+00,5.860545999999999811e-01,1.390599999999999909e+03,1.657247706422018325e+02,1.956960000000000033e+00
6.894760000000000666e+00,1.110000000000000098e+00,5.929493599999998699e-01,1.390599999999999909e+03,1.654128440366972370e+02,1.942056000000000227e+00
6.894760000000000666e+00,1.110000000000000098e+00,5.998441199999998696e-01,1.390599999999999909e+03,1.651100917431192556e+02,1.927475999999999967e+00
6.894760000000000666e+00,1.110000000000000098e+00,6.067388799999998694e-01,1.390599999999999909e+03,1.648073394495412742e+02,1.913220000000000143e+00
6.894760000000000666e+00,1.110000000000000098e+00,6.136336399999998692e-01,1.390599999999999909e+03,1.645045871559632928e+02,1.899207000000000090e+00
6.894760000000000666e+00,1.110000000000000098e+00,6.205283999999997580e-01,1.390599999999999909e+03,1.642110091743119256e+02,1.885518000000000027e+00
6.894760000000000666e+00,1.110000000000000098e+00,6.274231599999998688e-01,1.390599999999999909e+03,1.639174311926605583e+02,1.872071999999999958e+00
6.894760000000000666e+00,1.110000000000000098e+00,6.343179199999997575e-01,1.390599999999999909e+03,1.636238532110091626e+02,1.858869000000000327e+00
6.894760000000000666e+00,1.110000000000000098e+00,6.412126799999997573e-01,1.390599999999999909e+03,1.633302752293577953e+02,1.845990000000000020e+00
6.894760000000000666e+00,1.110000000000000098e+00,6.481074399999997571e-01,1.390599999999999909e+03,1.630366972477063996e+02,1.833273000000000152e+00
6.894760000000000666e+00,1.110000000000000098e+00,6.550021999999997568e-01,1.390599999999999909e+03,1.627522935779816464e+02,1.820799000000000056e+00
6.894760000000000666e+00,1.110000000000000098e+00,6.618969599999997566e-01,1.390599999999999909e+03,1.624678899082568932e+02,1.808648999999999951e+00
6.894760000000000666e+00,1.110000000000000098e+00,6.687917199999996454e-01,1.390599999999999909e+03,1.621834862385321117e+02,1.796661000000000286e+00
6.894760000000000666e+00,1.110000000000000098e+00,6.756864799999996452e-01,1.390599999999999909e+03,1.618990825688073301e+02,1.784915999999999947e+00
6.894760000000000666e+00,1.110000000000000098e+00,6.825812399999995339e-01,1.390599999999999909e+03,1.616146788990825485e+02,1.773333000000000048e+00
6.894760000000000666e+00,1.110000000000000098e+00,6.894759999999995337e-01,1.390599999999999909e+03,1.613394495412844094e+02,1.761993000000000142e+00
6.894760000000000666e+00,1.110000000000000098e+00,6.963707599999996445e-01,1.390599999999999909e+03,1.610642201834862135e+02,1.750896000000000008e+00
6.894760000000000666e+00,1.110000000000000098e+00,7.032655199999995332e-01,1.390599999999999909e+03,1.607889908256880460e+02,1.739961000000000091e+00
6.894760000000000666e+00,1.110000000000000098e+00,7.101602799999995330e-01,1.390599999999999909e+03,1.605137614678899070e+02,1.729187999999999947e+00
6.894760000000000666e+00,1.110000000000000098e+00,7.170550399999995328e-01,1.390599999999999909e+03,1.602477064220183536e+02,1.718658000000000019e+00
6.894760000000000666e+00,1.110000000000000098e+00,7.239497999999994216e-01,1.390599999999999909e+03,1.599724770642201861e+02,1.708209000000000310e+00
6.894760000000000666e+00,1.110000000000000098e+00,7.308445599999994213e-01,1.390599999999999909e+03,1.597064220183486327e+02,1.698002999999999929e+00
6.894760000000000666e+00,1.110000000000000098e+00,7.377393199999995321e-01,1.390599999999999909e+03,1.594403669724770793e+02,1.688040000000000207e+00
6.894760000000000666e+00,1.110000000000000098e+00,7.446340799999994209e-01,1.390599999999999909e+03,1.591743119266054975e+02,1.678158000000000261e+00
6.894760000000000666e+00,1.110000000000000098e+00,7.515288399999994207e-01,1.390599999999999909e+03,1.589082568807339442e+02,1.668438000000000088e+00
6.894760000000000666e+00,1.110000000000000098e+00,7.584235999999993094e-01,1.390599999999999909e+03,1.586513761467890049e+02,1.658880000000000132e+00
6.894760000000000666e+00,1.110000000000000098e+00,7.653183599999993092e-01,1.390599999999999909e+03,1.583853211009174515e+02,1.649484000000000172e+00
6.894760000000000666e+00,1.110000000000000098e+00,7.722131199999991980e-01,1.390599999999999909e+03,1.581284403669724554e+02,1.640249999999999986e+00
6.894760000000000666e+00,1.110000000000000098e+00,7.791078799999993088e-01,1.390599999999999909e+03,1.578715596330275162e+02,1.631178000000000017e+00
6.894760000000000666e+00,1.110000000000000098e+00,7.860026399999993085e-01,1.390599999999999909e+03,1.576146788990825769e+02,1.622268000000000265e+00
6.894760000000000666e+00,1.110000000000000098e+00,7.928973999999991973e-01,1.390599999999999909e+03,1.573577981651376092e+02,1.613439000000000068e+00
6.894760000000000666e+00,1.110000000000000098e+00,7.997921599999991971e-01,1.390599999999999909e+03,1.571100917431192556e+02,1.604772000000000087e+00
6.894760000000000666e+00,1.110000000000000098e+00,8.066869199999991968e-01,1.390599999999999909e+03,1.568532110091743164e+02,1.596267000000000102e+00
6.894760000000000666e+00,1.110000000000000098e+00,8.135816799999990856e-01,1.390599999999999909e+03,1.566055045871559628e+02,1.587843000000000115e+00
6.894760000000000666e+00,1.110000000000000098e+00,8.204764399999991964e-01,1.390599999999999909e+03,1.563577981651376092e+02,1.579581000000000124e+00
6.894760000000000666e+00,1.120000000000000107e+00,5.515808000000000932e-01,1.396200000000000045e+03,1.679633027522935720e+02,2.036583000000000254e+00
6.894760000000000666e+00,1.120000000000000107e+00,5.584755599999999820e-01,1.396200000000000045e+03,1.676422018348623624e+02,2.019978000000000051e+00
6.894760000000000666e+00,1.120000000000000107e+00,5.653703200000000928e-01,1.396200000000000045e+03,1.673211009174311812e+02,2.003778000000000503e+00
6.894760000000000666e+00,1.120000000000000107e+00,5.722650799999999816e-01,1.396200000000000045e+03,1.670091743119266141e+02,1.987902000000000280e+00
6.894760000000000666e+00,1.120000000000000107e+00,5.791598399999999813e-01,1.396200000000000045e+03,1.666972477064220186e+02,1.972350000000000270e+00
6.894760000000000666e+00,1.120000000000000107e+00,5.860545999999999811e-01,1.396200000000000045e+03,1.663853211009174231e+02,1.957203000000000248e+00
6.894760000000000666e+00,1.120000000000000107e+00,5.929493599999998699e-01,1.396200000000000045e+03,1.660733944954128276e+02,1.942298999999999998e+00
6.894760000000000666e+00,1.120000000000000107e+00,5.998441199999998696e-01,1.396200000000000045e+03,1.657706422018348746e+02,1.927719000000000182e+00
6.894760000000000666e+00,1.120000000000000107e+00,6.067388799999998694e-01,1.396200000000000045e+03,1.654678899082568648e+02,1.913462999999999914e+00
6.894760000000000666e+00,1.120000000000000107e+00,6.136336399999998692e-01,1.396200000000000045e+03,1.651651376146788834e+02,1.899450000000000305e+00
6.894760000000000666e+00,1.120000000000000107e+00,6.205283999999997580e-01,1.396200000000000045e+03,1.648623853211009020e+02,1.885761000000000243e+00
6.894760000000000666e+00,1.120000000000000107e+00,6.274231599999998688e-01,1.396200000000000045e+03,1.645688073394495348e+02,1.872315000000000174e+00
6.894760000000000666e+00,1.120000000000000107e+00,6.343179199999997575e-01,1.396200000000000045e+03,1.642752293577981675e+02,1.859112000000000098e+00
6.894760000000000666e+00,1.120000000000000107e+00,6.412126799999997573e-01,1.396200000000000045e+03,1.639816513761467718e+02,1.846233000000000235e+00
6.894760000000000666e+00,1.120000000000000107e+00,6.481074399999997571e-01,1.396200000000000045e+03,1.636880733944954045e+02,1.833597000000000143e+00
6.894760000000000666e+00,1.120000000000000107e+00,6.550021999999997568e-01,1.396200000000000045e+03,1.633944954128440372e+02,1.821123000000000047e+00
6.894760000000000666e+00,1.120000000000000107e+00,6.618969599999997566e-01,1.396200000000000045e+03,1.631100917431192840e+02,1.808892000000000166e+00
6.894760000000000666e+00,1.120000000000000107e+00,6.687917199999996454e-01,1.396200000000000045e+03,1.628256880733944740e+02,1.796985000000000277e+00
6.894760000000000666e+00,1.120000000000000107e+00,6.756864799999996452e-01,1.396200000000000045e+03,1.625412844036697209e+02,1.785159000000000162e+00
6.894760000000000666e+00,1.120000000000000107e+00,6.825812399999995339e-01,1.396200000000000045e+03,1.622660550458715534e+02,1.773657000000000261e+00
6.894760000000000666e+00,1.120000000000000107e+00,6.894759999999995337e-01,1.396200000000000045e+03,1.619816513761467718e+02,1.762317000000000133e+00
6.894760000000000666e+00,1.120000000000000107e+00,6.963707599999996445e-01,1.396200000000000045e+03,1.617064220183486043e+02,1.751219999999999999e+00
6.894760000000000666e+00,1.120000000000000107e+00,7.032655199999995332e-01,1.396200000000000045e+03,1.614311926605504652e+02,1.740285000000000082e+00
6.894760000000000666e+00,1.120000000000000107e+00,7.101602799999995330e-01,1.396200000000000045e+03,1.611559633027522693e+02,1.729512000000000382e+00
6.894760000000000666e+00,1.120000000000000107e+00,7.170550399999995328e-01,1.396200000000000045e+03,1.608807339449541303e+02,1.718982000000000010e+00
6.894760000000000666e+00,1.120000000000000107e+00,7.239497999999994216e-01,1.396200000000000045e+03,1.606146788990825769e+02,1.708533000000000301e+00
6.894760000000000666e+00,1.120000000000000107e+00,7.308445599999994213e-01,1.396200000000000045e+03,1.603394495412844094e+02,1.698326999999999920e+00
6.894760000000000666e+00,1.120000000000000107e+00,7.377393199999995321e-01,1.396200000000000045e+03,1.600733944954128276e+02,1.688364000000000198e+00
6.894760000000000666e+00,1.120000000000000107e+00,7.446340799999994209e-01,1.396200000000000045e+03,1.598073394495413027e+02,1.678482000000000252e+00
6.894760000000000666e+00,1.120000000000000107e+00,7.515288399999994207e-01,1.396200000000000045e+03,1.595412844036697209e+02,1.668762000000000079e+00
6.894760000000000666e+00,1.120000000000000107e+00,7.584235999999993094e-01,1.396200000000000045e+03,1.592752293577981391e+02,1.659204000000000123e+00
6.894760000000000666e+00,1.120000000000000107e+00,7.653183599999993092e-01,1.396200000000000045e+03,1.590183486238531998e+02,1.649889000000000161e+00
6.894760000000000666e+00,1.120000000000000107e+00,7.722131199999991980e-01,1.396200000000000045e+03,1.587614678899082321e+02,1.640655000000000197e+00
6.894760000000000666e+00,1.120000000000000107e+00,7.791078799999993088e-01,1.396200000000000045e+03,1.584954128440367072e+02,1.631502000000000230e+00
6.894760000000000666e+00,1.120000000000000107e+00,7.860026399999993085e-01,1.396200000000000045e+03,1.582385321100917395e+02,1.622592000000000256e+00
6.894760000000000666e+00,1.120000000000000107e+00,7.928973999999991973e-01,1.396200000000000045e+03,1.579816513761468002e+02,1.613763000000000059e+00
6.894760000000000666e+00,1.120000000000000107e+00,7.997921599999991971e-01,1.396200000000000045e+03,1.577339449541284466e+02,1.605096000000000078e+00
6.894760000000000666e+00,1.120000000000000107e+00,8.066869199999991968e-01,1.396200000000000045e+03,1.574770642201834789e+02,1.596591000000000093e+00
6.894760000000000666e+00,1.120000000000000107e+00,8.135816799999990856e-01,1.396200000000000045e+03,1.572293577981651538e+02,1.588167000000000106e+00
6.894760000000000666e+00,1.120000000000000107e+00,8.204764399999991964e-01,1.396200000000000045e+03,1.569724770642201861e+02,1.579905000000000115e+00
6.894760000000000666e+00,1.130000000000000115e+00,5.515808000000000932e-01,1.401599999999999909e+03,1.686146788990825769e+02,2.036826000000000469e+00
6.894760000000000666e+00,1.130000000000000115e+00,5.584755599999999820e-01,1.401599999999999909e+03,1.682935779816513673e+02,2.020302000000000486e+00
6.894760000000000666e+00,1.130000000000000115e+00,5.653703200000000928e-01,1.401599999999999909e+03,1.679724770642201861e+02,2.004102000000000494e+00
6.894760000000000666e+00,1.130000000000000115e+00,5.722650799999999816e-01,1.401599999999999909e+03,1.676605504587155906e+02,1.988226000000000271e+00
6.894760000000000666e+00,1.130000000000000115e+00,5.791598399999999813e-01,1.401599999999999909e+03,1.673394495412843810e+02,1.972674000000000039e+00
6.894760000000000666e+00,1.130000000000000115e+00,5.860545999999999811e-01,1.401599999999999909e+03,1.670275229357797855e+02,1.957527000000000239e+00
6.894760000000000666e+00,1.130000000000000115e+00,5.929493599999998699e-01,1.401599999999999909e+03,1.667247706422018041e+02,1.942622999999999989e+00
6.894760000000000666e+00,1.130000000000000115e+00,5.998441199999998696e-01,1.401599999999999909e+03,1.664128440366972370e+02,1.928043000000000173e+00
6.894760000000000666e+00,1.130000000000000115e+00,6.067388799999998694e-01,1.401599999999999909e+03,1.661100917431192556e+02,1.913786999999999905e+00
6.894760000000000666e+00,1.130000000000000115e+00,6.136336399999998692e-01,1.401599999999999909e+03,1.658073394495412742e+02,1.899855000000000071e+00
6.894760000000000666e+00,1.130000000000000115e+00,6.205283999999997580e-01,1.401599999999999909e+03,1.655045871559632928e+02,1.886166000000000009e+00
6.894760000000000666e+00,1.130000000000000115e+00,6.274231599999998688e-01,1.401599999999999909e+03,1.652110091743119256e+02,1.872719999999999940e+00
6.894760000000000666e+00,1.130000000000000115e+00,6.343179199999997575e-01,1.401599999999999909e+03,1.649082568807339442e+02,1.859517000000000087e+00
6.894760000000000666e+00,1.130000000000000115e+00,6.412126799999997573e-01,1.401599999999999909e+03,1.646146788990825485e+02,1.846638000000000002e+00
6.894760000000000666e+00,1.130000000000000115e+00,6.481074399999997571e-01,1.401599999999999909e+03,1.643211009174311812e+02,1.833921000000000134e+00
6.894760000000000666e+00,1.130000000000000115e+00,6.550021999999997568e-01,1.401599999999999909e+03,1.640366972477063996e+02,1.821528000000000258e+00
6.894760000000000666e+00,1.130000000000000115e+00,6.618969599999997566e-01,1.401599999999999909e+03,1.637431192660550323e+02,1.809296999999999933e+00
6.894760000000000666e+00,1.130000000000000115e+00,6.687917199999996454e-01,1.401599999999999909e+03,1.634587155963302791e+02,1.797309000000000268e+00
6.894760000000000666e+00,1.130000000000000115e+00,6.756864799999996452e-01,1.401599999999999909e+03,1.631743119266054691e+02,1.785564000000000151e+00
6.894760000000000666e+00,1.130000000000000115e+00,6.825812399999995339e-01,1.401599999999999909e+03,1.628899082568807444e+02,1.774062000000000028e+00
6.894760000000000666e+00,1.130000000000000115e+00,6.894759999999995337e-01,1.401599999999999909e+03,1.626146788990825485e+02,1.762722000000000122e+00
6.894760000000000666e+00,1.130000000000000115e+00,6.963707599999996445e-01,1.401599999999999909e+03,1.623302752293577953e+02,1.751543999999999990e+00
6.894760000000000666e+00,1.130000000000000115e+00,7.032655199999995332e-01,1.401599999999999909e+03,1.620550458715596278e+02,1.740608999999999851e+00
6.894760000000000666e+00,1.130000000000000115e+00,7.101602799999995330e-01,1.401599999999999909e+03,1.617798165137614887e+02,1.729917000000000149e+00
6.894760000000000666e+00,1.130000000000000115e+00,7.170550399999995328e-01,1.401599999999999909e+03,1.615045871559632928e+02,1.719387000000000221e+00
6.894760000000000666e+00,1.130000000000000115e+00,7.239497999999994216e-01,1.401599999999999909e+03,1.612385321100917395e+02,1.708938000000000068e+00
6.894760000000000666e+00,1.130000000000000115e+00,7.308445599999994213e-01,1.401599999999999909e+03,1.609633027522935720e+02,1.698813000000000351e+00
6.894760000000000666e+00,1.130000000000000115e+00,7.377393199999995321e-01,1.401599999999999909e+03,1.606972477064219902e+02,1.688769000000000187e+00
6.894760000000000666e+00,1.130000000000000115e+00,7.446340799999994209e-01,1.401599999999999909e+03,1.604311926605504368e+02,1.678887000000000240e+00
6.894760000000000666e+00,1.130000000000000115e+00,7.515288399999994207e-01,1.401599999999999909e+03,1.601651376146789119e+02,1.669167000000000289e+00
6.894760000000000666e+00,1.130000000000000115e+00,7.584235999999993094e-01,1.401599999999999909e+03,1.598990825688073585e+02,1.659609000000000334e+00
6.894760000000000666e+00,1.130000000000000115e+00,7.653183599999993092e-01,1.401599999999999909e+03,1.596330275229357767e+02,1.650293999999999928e+00
6.894760000000000666e+00,1.130000000000000115e+00,7.722131199999991980e-01,1.401599999999999909e+03,1.593761467889908090e+02,1.641059999999999963e+00
6.894760000000000666e+00,1.130000000000000115e+00,7.791078799999993088e-01,1.401599999999999909e+03,1.591192660550458697e+02,1.631906999999999996e+00
6.894760000000000666e+00,1.130000000000000115e+00,7.860026399999993085e-01,1.401599999999999909e+03,1.588532110091743164e+02,1.622997000000000023e+00
6.894760000000000666e+00,1.130000000000000115e+00,7.928973999999991973e-01,1.401599999999999909e+03,1.585963302752293771e+02,1.614168000000000047e+00
6.894760000000000666e+00,1.130000000000000115e+00,7.997921599999991971e-01,1.401599999999999909e+03,1.583394495412844094e+02,1.605501000000000067e+00
6.894760000000000666e+00,1.130000000000000115e+00,8.066869199999991968e-01,1.401599999999999909e+03,1.580917431192660558e+02,1.596996000000000082e+00
6.894760000000000666e+00,1.130000000000000115e+00,8.135816799999990856e-01,1.401599999999999909e+03,1.578348623853211166e+02,1.588572000000000095e+00
6.894760000000000666e+00,1.130000000000000115e+00,8.204764399999991964e-01,1.401599999999999909e+03,1.575871559633027346e+02,1.580310000000000104e+00
6.894760000000000666e+00,1.140000000000000124e+00,5.515808000000000932e-01,1.407000000000000000e+03,1.692568807339449393e+02,2.037312000000000012e+00
6.894760000000000666e+00,1.140000000000000124e+00,5.584755599999999820e-01,1.407000000000000000e+03,1.689357798165137865e+02,2.020707000000000253e+00
6.894760000000000666e+00,1.140000000000000124e+00,5.653703200000000928e-01,1.407000000000000000e+03,1.686146788990825769e+02,2.004507000000000261e+00
6.894760000000000666e+00,1.140000000000000124e+00,5.722650799999999816e-01,1.407000000000000000e+03,1.682935779816513673e+02,1.988631000000000038e+00
6.894760000000000666e+00,1.140000000000000124e+00,5.791598399999999813e-01,1.407000000000000000e+03,1.679816513761468002e+02,1.973160000000000025e+00
6.894760000000000666e+00,1.140000000000000124e+00,5.860545999999999811e-01,1.407000000000000000e+03,1.676697247706422047e+02,1.957932000000000006e+00
6.894760000000000666e+00,1.140000000000000124e+00,5.929493599999998699e-01,1.407000000000000000e+03,1.673577981651376092e+02,1.943108999999999975e+00
6.894760000000000666e+00,1.140000000000000124e+00,5.998441199999998696e-01,1.407000000000000000e+03,1.670458715596330137e+02,1.928529000000000160e+00
6.894760000000000666e+00,1.140000000000000124e+00,6.067388799999998694e-01,1.407000000000000000e+03,1.667431192660550323e+02,1.914273000000000335e+00
6.894760000000000666e+00,1.140000000000000124e+00,6.136336399999998692e-01,1.407000000000000000e+03,1.664403669724770793e+02,1.900260000000000282e+00
6.894760000000000666e+00,1.140000000000000124e+00,6.205283999999997580e-01,1.407000000000000000e+03,1.661376146788990980e+02,1.886570999999999998e+00
6.894760000000000666e+00,1.140000000000000124e+00,6.274231599999998688e-01,1.407000000000000000e+03,1.658348623853210881e+02,1.873125000000000151e+00
6.894760000000000666e+00,1.140000000000000124e+00,6.343179199999997575e-01,1.407000000000000000e+03,1.655412844036697493e+02,1.860003000000000073e+00
6.894760000000000666e+00,1.140000000000000124e+00,6.412126799999997573e-01,1.407000000000000000e+03,1.652477064220183252e+02,1.847043000000000212e+00
6.894760000000000666e+00,1.140000000000000124e+00,6.481074399999997571e-01,1.407000000000000000e+03,1.649541284403669579e+02,1.834407000000000121e+00
6.894760000000000666e+00,1.140000000000000124e+00,6.550021999999997568e-01,1.407000000000000000e+03,1.646605504587155906e+02,1.821933000000000025e+00
6.894760000000000666e+00,1.140000000000000124e+00,6.618969599999997566e-01,1.407000000000000000e+03,1.643669724770642233e+02,1.809783000000000364e+00
6.894760000000000666e+00,1.140000000000000124e+00,6.687917199999996454e-01,1.407000000000000000e+03,1.640825688073394417e+02,1.797795000000000032e+00
6.894760000000000666e+00,1.140000000000000124e+00,6.756864799999996452e-01,1.407000000000000000e+03,1.637981651376146885e+02,1.786050000000000137e+00
6.894760000000000666e+00,1.140000000000000124e+00,6.825812399999995339e-01,1.407000000000000000e+03,1.635137614678899070e+02,1.774548000000000014e+00
6.894760000000000666e+00,1.140000000000000124e+00,6.894759999999995337e-01,1.407000000000000000e+03,1.632293577981651254e+02,1.763208000000000109e+00
6.894760000000000666e+00,1.140000000000000124e+00,6.963707599999996445e-01,1.407000000000000000e+03,1.629541284403669863e+02,1.752029999999999976e+00
6.894760000000000666e+00,1.140000000000000124e+00,7.032655199999995332e-01,1.407000000000000000e+03,1.626697247706421763e+02,1.741095000000000281e+00
6.894760000000000666e+00,1.140000000000000124e+00,7.101602799999995330e-01,1.407000000000000000e+03,1.623944954128440372e+02,1.730402999999999913e+00
6.894760000000000666e+00,1.140000000000000124e+00,7.170550399999995328e-01,1.407000000000000000e+03,1.621192660550458413e+02,1.719792000000000209e+00
6.894760000000000666e+00,1.140000000000000124e+00,7.239497999999994216e-01,1.407000000000000000e+03,1.618532110091743164e+02,1.709424000000000055e+00
6.894760000000000666e+00,1.140000000000000124e+00,7.308445599999994213e-01,1.407000000000000000e+03,1.615779816513761489e+02,1.699218000000000117e+00
6.894760000000000666e+00,1.140000000000000124e+00,7.377393199999995321e-01,1.407000000000000000e+03,1.613119266055045671e+02,1.689173999999999953e+00
6.894760000000000666e+00,1.140000000000000124e+00,7.446340799999994209e-01,1.407000000000000000e+03,1.610366972477064280e+02,1.679373000000000227e+00
6.894760000000000666e+00,1.140000000000000124e+00,7.515288399999994207e-01,1.407000000000000000e+03,1.607706422018348746e+02,1.669653000000000276e+00
6.894760000000000666e+00,1.140000000000000124e+00,7.584235999999993094e-01,1.407000000000000000e+03,1.605045871559632928e+02,1.660095000000000098e+00
6.894760000000000666e+00,1.140000000000000124e+00,7.653183599999993092e-01,1.407000000000000000e+03,1.602477064220183536e+02,1.650699000000000138e+00
6.894760000000000666e+00,1.140000000000000124e+00,7.722131199999991980e-01,1.407000000000000000e+03,1.599816513761467718e+02,1.641465000000000174e+00
6.894760000000000666e+00,1.140000000000000124e+00,7.791078799999993088e-01,1.407000000000000000e+03,1.597155963302752184e+02,1.632392999999999983e+00
6.894760000000000666e+00,1.140000000000000124e+00,7.860026399999993085e-01,1.407000000000000000e+03,1.594587155963302791e+02,1.623483000000000231e+00
6.894760000000000666e+00,1.140000000000000124e+00,7.928973999999991973e-01,1.407000000000000000e+03,1.592018348623853115e+02,1.614654000000000256e+00
6.894760000000000666e+00,1.140000000000000124e+00,7.997921599999991971e-01,1.407000000000000000e+03,1.589449541284403722e+02,1.605987000000000053e+00
6.894760000000000666e+00,1.140000000000000124e+00,8.066869199999991968e-01,1.407000000000000000e+03,1.586880733944954329e+02,1.597482000000000069e+00
6.894760000000000666e+00,1.140000000000000124e+00,8.135816799999990856e-01,1.407000000000000000e+03,1.584403669724770793e+02,1.589058000000000082e+00
6.894760000000000666e+00,1.140000000000000124e+00,8.204764399999991964e-01,1.407000000000000000e+03,1.581834862385321117e+02,1.580796000000000090e+00
6.894760000000000666e+00,1.150000000000000133e+00,5.515808000000000932e-01,1.412299999999999955e+03,1.698899082568807160e+02,2.037797999999999998e+00
6.894760000000000666e+00,1.150000000000000133e+00,5.584755599999999820e-01,1.412299999999999955e+03,1.695688073394495348e+02,2.021192999999999795e+00
6.894760000000000666e+00,1.150000000000000133e+00,5.653703200000000928e-01,1.412299999999999955e+03,1.692477064220183536e+02,2.004992999999999803e+00
6.894760000000000666e+00,1.150000000000000133e+00,5.722650799999999816e-01,1.412299999999999955e+03,1.689266055045871440e+02,1.989198000000000022e+00
6.894760000000000666e+00,1.150000000000000133e+00,5.791598399999999813e-01,1.412299999999999955e+03,1.686055045871559344e+02,1.973646000000000011e+00
6.894760000000000666e+00,1.150000000000000133e+00,5.860545999999999811e-01,1.412299999999999955e+03,1.682935779816513673e+02,1.958498999999999990e+00
6.894760000000000666e+00,1.150000000000000133e+00,5.929493599999998699e-01,1.412299999999999955e+03,1.679816513761468002e+02,1.943595000000000184e+00
6.894760000000000666e+00,1.150000000000000133e+00,5.998441199999998696e-01,1.412299999999999955e+03,1.676697247706422047e+02,1.929015000000000146e+00
6.894760000000000666e+00,1.150000000000000133e+00,6.067388799999998694e-01,1.412299999999999955e+03,1.673669724770642233e+02,1.914759000000000322e+00
6.894760000000000666e+00,1.150000000000000133e+00,6.136336399999998692e-01,1.412299999999999955e+03,1.670642201834862419e+02,1.900827000000000044e+00
6.894760000000000666e+00,1.150000000000000133e+00,6.205283999999997580e-01,1.412299999999999955e+03,1.667614678899082605e+02,1.887138000000000204e+00
6.894760000000000666e+00,1.150000000000000133e+00,6.274231599999998688e-01,1.412299999999999955e+03,1.664587155963302791e+02,1.873692000000000135e+00
6.894760000000000666e+00,1.150000000000000133e+00,6.343179199999997575e-01,1.412299999999999955e+03,1.661559633027522977e+02,1.860489000000000059e+00
6.894760000000000666e+00,1.150000000000000133e+00,6.412126799999997573e-01,1.412299999999999955e+03,1.658623853211009020e+02,1.847610000000000197e+00
6.894760000000000666e+00,1.150000000000000133e+00,6.481074399999997571e-01,1.412299999999999955e+03,1.655688073394495348e+02,1.834893000000000107e+00
6.894760000000000666e+00,1.150000000000000133e+00,6.550021999999997568e-01,1.412299999999999955e+03,1.652752293577981675e+02,1.822500000000000231e+00
6.894760000000000666e+00,1.150000000000000133e+00,6.618969599999997566e-01,1.412299999999999955e+03,1.649816513761468002e+02,1.810269000000000128e+00
6.894760000000000666e+00,1.150000000000000133e+00,6.687917199999996454e-01,1.412299999999999955e+03,1.646972477064220186e+02,1.798362000000000238e+00
6.894760000000000666e+00,1.150000000000000133e+00,6.756864799999996452e-01,1.412299999999999955e+03,1.644128440366972370e+02,1.786617000000000344e+00
6.894760000000000666e+00,1.150000000000000133e+00,6.825812399999995339e-01,1.412299999999999955e+03,1.641284403669724838e+02,1.775034000000000001e+00
6.894760000000000666e+00,1.150000000000000133e+00,6.894759999999995337e-01,1.412299999999999955e+03,1.638440366972477023e+02,1.763694000000000095e+00
6.894760000000000666e+00,1.150000000000000133e+00,6.963707599999996445e-01,1.412299999999999955e+03,1.635596330275229207e+02,1.752597000000000182e+00
6.894760000000000666e+00,1.150000000000000133e+00,7.032655199999995332e-01,1.412299999999999955e+03,1.632844036697247532e+02,1.741662000000000043e+00
6.894760000000000666e+00,1.150000000000000133e+00,7.101602799999995330e-01,1.412299999999999955e+03,1.630000000000000000e+02,1.730888999999999900e+00
6.894760000000000666e+00,1.150000000000000133e+00,7.170550399999995328e-01,1.412299999999999955e+03,1.627247706422018325e+02,1.720358999999999972e+00
6.894760000000000666e+00,1.150000000000000133e+00,7.239497999999994216e-01,1.412299999999999955e+03,1.624495412844036935e+02,1.709991000000000039e+00
6.894760000000000666e+00,1.150000000000000133e+00,7.308445599999994213e-01,1.412299999999999955e+03,1.621834862385321117e+02,1.699785000000000101e+00
6.894760000000000666e+00,1.150000000000000133e+00,7.377393199999995321e-01,1.412299999999999955e+03,1.619082568807339158e+02,1.689741000000000160e+00
6.894760000000000666e+00,1.150000000000000133e+00,7.446340799999994209e-01,1.412299999999999955e+03,1.616422018348623908e+02,1.679859000000000213e+00
6.894760000000000666e+00,1.150000000000000133e+00,7.515288399999994207e-01,1.412299999999999955e+03,1.613669724770642233e+02,1.670139000000000262e+00
6.894760000000000666e+00,1.150000000000000133e+00,7.584235999999993094e-01,1.412299999999999955e+03,1.611009174311926415e+02,1.660661999999999860e+00
6.894760000000000666e+00,1.150000000000000133e+00,7.653183599999993092e-01,1.412299999999999955e+03,1.608440366972477023e+02,1.651266000000000345e+00
6.894760000000000666e+00,1.150000000000000133e+00,7.722131199999991980e-01,1.412299999999999955e+03,1.605779816513761489e+02,1.642032000000000158e+00
6.894760000000000666e+00,1.150000000000000133e+00,7.791078799999993088e-01,1.412299999999999955e+03,1.603119266055045955e+02,1.632960000000000189e+00
6.894760000000000666e+00,1.150000000000000133e+00,7.860026399999993085e-01,1.412299999999999955e+03,1.600550458715596278e+02,1.623969000000000218e+00
6.894760000000000666e+00,1.150000000000000133e+00,7.928973999999991973e-01,1.412299999999999955e+03,1.597981651376146601e+02,1.615140000000000020e+00
6.894760000000000666e+00,1.150000000000000133e+00,7.997921599999991971e-01,1.412299999999999955e+03,1.595412844036697209e+02,1.606473000000000262e+00
6.894760000000000666e+00,1.150000000000000133e+00,8.066869199999991968e-01,1.412299999999999955e+03,1.592844036697247816e+02,1.597968000000000277e+00
6.894760000000000666e+00,1.150000000000000133e+00,8.135816799999990856e-01,1.412299999999999955e+03,1.590275229357798139e+02,1.589544000000000068e+00
6.894760000000000666e+00,1.150000000000000133e+00,8.204764399999991964e-01,1.412299999999999955e+03,1.587706422018348462e+02,1.581282000000000076e+00
6.894760000000000666e+00,1.160000000000000142e+00,5.515808000000000932e-01,1.417400000000000091e+03,1.705137614678899070e+02,2.038365000000000204e+00
6.894760000000000666e+00,1.160000000000000142e+00,5.584755599999999820e-01,1.417400000000000091e+03,1.701926605504586973e+02,2.021841000000000221e+00
6.894760000000000666e+00,1.160000000000000142e+00,5.653703200000000928e-01,1.417400000000000091e+03,1.698623853211009020e+02,2.005641000000000229e+00
6.894760000000000666e+00,1.160000000000000142e+00,5.722650799999999816e-01,1.417400000000000091e+03,1.695412844036697209e+02,1.989765000000000228e+00
6.894760000000000666e+00,1.160000000000000142e+00,5.791598399999999813e-01,1.417400000000000091e+03,1.692293577981651254e+02,1.974293999999999993e+00
6.894760000000000666e+00,1.160000000000000142e+00,5.860545999999999811e-01,1.417400000000000091e+03,1.689082568807339158e+02,1.959066000000000196e+00
6.894760000000000666e+00,1.160000000000000142e+00,5.929493599999998699e-01,1.417400000000000091e+03,1.685963302752293487e+02,1.944243000000000166e+00
6.894760000000000666e+00,1.160000000000000142e+00,5.998441199999998696e-01,1.417400000000000091e+03,1.682844036697247816e+02,1.929662999999999906e+00
6.894760000000000666e+00,1.160000000000000142e+00,6.067388799999998694e-01,1.417400000000000091e+03,1.679816513761468002e+02,1.915407000000000082e+00
6.894760000000000666e+00,1.160000000000000142e+00,6.136336399999998692e-01,1.417400000000000091e+03,1.676697247706422047e+02,1.901394000000000029e+00
6.894760000000000666e+00,1.160000000000000142e+00,6.205283999999997580e-01,1.417400000000000091e+03,1.673669724770642233e+02,1.887704999999999966e+00
6.894760000000000666e+00,1.160000000000000142e+00,6.274231599999998688e-01,1.417400000000000091e+03,1.670642201834862419e+02,1.874258999999999897e+00
6.894760000000000666e+00,1.160000000000000142e+00,6.343179199999997575e-01,1.417400000000000091e+03,1.667614678899082605e+02,1.861137000000000041e+00
6.894760000000000666e+00,1.160000000000000142e+00,6.412126799999997573e-01,1.417400000000000091e+03,1.664678899082568648e+02,1.848176999999999959e+00
6.894760000000000666e+00,1.160000000000000142e+00,6.481074399999997571e-01,1.417400000000000091e+03,1.661743119266054975e+02,1.835540999999999867e+00
6.894760000000000666e+00,1.160000000000000142e+00,6.550021999999997568e-01,1.417400000000000091e+03,1.658807339449541018e+02,1.823067000000000215e+00
6.894760000000000666e+00,1.160000000000000142e+00,6.618969599999997566e-01,1.417400000000000091e+03,1.655871559633027630e+02,1.810917000000000110e+00
6.894760000000000666e+00,1.160000000000000142e+00,6.687917199999996454e-01,1.417400000000000091e+03,1.652935779816513957e+02,1.798929000000000000e+00
6.894760000000000666e+00,1.160000000000000142e+00,6.756864799999996452e-01,1.417400000000000091e+03,1.650091743119265857e+02,1.787184000000000106e+00
6.894760000000000666e+00,1.160000000000000142e+00,6.825812399999995339e-01,1.417400000000000091e+03,1.647247706422018325e+02,1.775600999999999985e+00
6.894760000000000666e+00,1.160000000000000142e+00,6.894759999999995337e-01,1.417400000000000091e+03,1.644403669724770509e+02,1.764261000000000301e+00
6.894760000000000666e+00,1.160000000000000142e+00,6.963707599999996445e-01,1.417400000000000091e+03,1.641559633027522977e+02,1.753164000000000167e+00
6.894760000000000666e+00,1.160000000000000142e+00,7.032655199999995332e-01,1.417400000000000091e+03,1.638807339449541018e+02,1.742229000000000250e+00
6.894760000000000666e+00,1.160000000000000142e+00,7.101602799999995330e-01,1.417400000000000091e+03,1.635963302752293487e+02,1.731456000000000106e+00
6.894760000000000666e+00,1.160000000000000142e+00,7.170550399999995328e-01,1.417400000000000091e+03,1.633211009174311812e+02,1.720926000000000178e+00
6.894760000000000666e+00,1.160000000000000142e+00,7.239497999999994216e-01,1.417400000000000091e+03,1.630458715596330421e+02,1.710558000000000245e+00
6.894760000000000666e+00,1.160000000000000142e+00,7.308445599999994213e-01,1.417400000000000091e+03,1.627706422018348462e+02,1.700352000000000308e+00
6.894760000000000666e+00,1.160000000000000142e+00,7.377393199999995321e-01,1.417400000000000091e+03,1.624954128440367072e+02,1.690308000000000366e+00
6.894760000000000666e+00,1.160000000000000142e+00,7.446340799999994209e-01,1.417400000000000091e+03,1.622293577981651254e+02,1.680426000000000197e+00
6.894760000000000666e+00,1.160000000000000142e+00,7.515288399999994207e-01,1.417400000000000091e+03,1.619633027522935720e+02,1.670706000000000246e+00
6.894760000000000666e+00,1.160000000000000142e+00,7.584235999999993094e-01,1.417400000000000091e+03,1.616880733944954329e+02,1.661229000000000067e+00
6.894760000000000666e+00,1.160000000000000142e+00,7.653183599999993092e-01,1.417400000000000091e+03,1.614220183486238511e+02,1.651833000000000107e+00
6.894760000000000666e+00,1.160000000000000142e+00,7.722131199999991980e-01,1.417400000000000091e+03,1.611651376146789119e+02,1.642598999999999920e+00
6.894760000000000666e+00,1.160000000000000142e+00,7.791078799999993088e-01,1.417400000000000091e+03,1.608990825688073301e+02,1.633446000000000176e+00
6.894760000000000666e+00,1.160000000000000142e+00,7.860026399999993085e-01,1.417400000000000091e+03,1.606330275229357767e+02,1.624535999999999980e+00
6.894760000000000666e+00,1.160000000000000142e+00,7.928973999999991973e-01,1.417400000000000091e+03,1.603761467889908374e+02,1.615707000000000004e+00
6.894760000000000666e+00,1.160000000000000142e+00,7.997921599999991971e-01,1.417400000000000091e+03,1.601192660550458697e+02,1.607040000000000024e+00
6.894760000000000666e+00,1.160000000000000142e+00,8.066869199999991968e-01,1.417400000000000091e+03,1.598623853211009305e+02,1.598535000000000039e+00
6.894760000000000666e+00,1.160000000000000142e+00,8.135816799999990856e-01,1.417400000000000091e+03,1.596055045871559628e+02,1.590111000000000052e+00
6.894760000000000666e+00,1.160000000000000142e+00,8.204764399999991964e-01,1.417400000000000091e+03,1.593486238532110235e+02,1.581849000000000061e+00
6.894760000000000666e+00,1.170000000000000151e+00,5.515808000000000932e-01,1.422500000000000000e+03,1.711284403669724838e+02,2.039013000000000186e+00
6.894760000000000666e+00,1.170000000000000151e+00,5.584755599999999820e-01,1.422500000000000000e+03,1.707981651376146885e+02,2.022489000000000203e+00
6.894760000000000666e+00,1.170000000000000151e+00,5.653703200000000928e-01,1.422500000000000000e+03,1.704770642201834789e+02,2.006289000000000211e+00
6.894760000000000666e+00,1.170000000000000151e+00,5.722650799999999816e-01,1.422500000000000000e+03,1.701559633027522977e+02,1.990413000000000210e+00
6.894760000000000666e+00,1.170000000000000151e+00,5.791598399999999813e-01,1.422500000000000000e+03,1.698348623853210881e+02,1.974942000000000197e+00
6.894760000000000666e+00,1.170000000000000151e+00,5.860545999999999811e-01,1.422500000000000000e+03,1.695137614678899070e+02,1.959714000000000178e+00
6.894760000000000666e+00,1.170000000000000151e+00,5.929493599999998699e-01,1.422500000000000000e+03,1.692018348623853115e+02,1.944891000000000147e+00
6.894760000000000666e+00,1.170000000000000151e+00,5.998441199999998696e-01,1.422500000000000000e+03,1.688899082568807444e+02,1.930311000000000332e+00
6.894760000000000666e+00,1.170000000000000151e+00,6.067388799999998694e-01,1.422500000000000000e+03,1.685779816513761489e+02,1.916055000000000064e+00
6.894760000000000666e+00,1.170000000000000151e+00,6.136336399999998692e-01,1.422500000000000000e+03,1.682752293577981675e+02,1.902042000000000010e+00
6.894760000000000666e+00,1.170000000000000151e+00,6.205283999999997580e-01,1.422500000000000000e+03,1.679633027522935720e+02,1.888353000000000170e+00
6.894760000000000666e+00,1.170000000000000151e+00,6.274231599999998688e-01,1.422500000000000000e+03,1.676605504587155906e+02,1.874907000000000323e+00
6.894760000000000666e+00,1.170000000000000151e+00,6.343179199999997575e-01,1.422500000000000000e+03,1.673669724770642233e+02,1.861785000000000245e+00
6.894760000000000666e+00,1.170000000000000151e+00,6.412126799999997573e-01,1.422500000000000000e+03,1.670642201834862419e+02,1.848825000000000385e+00
6.894760000000000666e+00,1.170000000000000151e+00,6.481074399999997571e-01,1.422500000000000000e+03,1.667706422018348462e+02,1.836189000000000293e+00
6.894760000000000666e+00,1.170000000000000151e+00,6.550021999999997568e-01,1.422500000000000000e+03,1.664678899082568648e+02,1.823715000000000197e+00
6.894760000000000666e+00,1.170000000000000151e+00,6.618969599999997566e-01,1.422500000000000000e+03,1.661834862385321117e+02,1.811565000000000092e+00
6.894760000000000666e+00,1.170000000000000151e+00,6.687917199999996454e-01,1.422500000000000000e+03,1.658899082568807444e+02,1.799576999999999982e+00
6.894760000000000666e+00,1.170000000000000151e+00,6.756864799999996452e-01,1.422500000000000000e+03,1.655963302752293771e+02,1.787832000000000088e+00
6.894760000000000666e+00,1.170000000000000151e+00,6.825812399999995339e-01,1.422500000000000000e+03,1.653119266055045955e+02,1.776248999999999967e+00
6.894760000000000666e+00,1.170000000000000151e+00,6.894759999999995337e-01,1.422500000000000000e+03,1.650275229357798139e+02,1.764909000000000061e+00
6.894760000000000666e+00,1.170000000000000151e+00,6.963707599999996445e-01,1.422500000000000000e+03,1.647431192660550323e+02,1.753812000000000149e+00
6.894760000000000666e+00,1.170000000000000151e+00,7.032655199999995332e-01,1.422500000000000000e+03,1.644587155963302507e+02,1.742877000000000010e+00
6.894760000000000666e+00,1.170000000000000151e+00,7.101602799999995330e-01,1.422500000000000000e+03,1.641834862385321117e+02,1.732104000000000088e+00
6.894760000000000666e+00,1.170000000000000151e+00,7.170550399999995328e-01,1.422500000000000000e+03,1.638990825688073301e+02,1.721574000000000160e+00
6.894760000000000666e+00,1.170000000000000151e+00,7.239497999999994216e-01,1.422500000000000000e+03,1.636238532110091626e+02,1.711125000000000007e+00
6.894760000000000666e+00,1.170000000000000151e+00,7.308445599999994213e-01,1.422500000000000000e+03,1.633486238532109951e+02,1.700919000000000070e+00
6.894760000000000666e+00,1.170000000000000151e+00,7.377393199999995321e-01,1.422500000000000000e+03,1.630825688073394417e+02,1.690956000000000126e+00
6.894760000000000666e+00,1.170000000000000151e+00,7.446340799999994209e-01,1.422500000000000000e+03,1.628073394495412742e+02,1.681074000000000179e+00
6.894760000000000666e+00,1.170000000000000151e+00,7.515288399999994207e-01,1.422500000000000000e+03,1.625412844036697209e+02,1.671354000000000228e+00
6.894760000000000666e+00,1.170000000000000151e+00,7.584235999999993094e-01,1.422500000000000000e+03,1.622660550458715534e+02,1.661796000000000273e+00
6.894760000000000666e+00,1.170000000000000151e+00,7.653183599999993092e-01,1.422500000000000000e+03,1.620000000000000000e+02,1.652400000000000091e+00
6.894760000000000666e+00,1.170000000000000151e+00,7.722131199999991980e-01,1.422500000000000000e+03,1.617339449541284466e+02,1.643166000000000126e+00
6.894760000000000666e+00,1.170000000000000151e+00,7.791078799999993088e-01,1.422500000000000000e+03,1.614678899082568648e+02,1.634093999999999935e+00
6.894760000000000666e+00,1.170000000000000151e+00,7.860026399999993085e-01,1.422500000000000000e+03,1.612110091743119256e+02,1.625103000000000186e+00
6.894760000000000666e+00,1.170000000000000151e+00,7.928973999999991973e-01,1.422500000000000000e+03,1.609449541284403438e+02,1.616355000000000208e+00
6.894760000000000666e+00,1.170000000000000151e+00,7.997921599999991971e-01,1.422500000000000000e+03,1.606880733944954045e+02,1.607607000000000008e+00
6.894760000000000666e+00,1.170000000000000151e+00,8.066869199999991968e-01,1.422500000000000000e+03,1.604311926605504368e+02,1.599102000000000023e+00
6.894760000000000666e+00,1.170000000000000151e+00,8.135816799999990856e-01,1.422500000000000000e+03,1.601743119266054975e+02,1.590678000000000036e+00
6.894760000000000666e+00,1.170000000000000151e+00,8.204764399999991964e-01,1.422500000000000000e+03,1.599174311926605583e+02,1.582416000000000045e+00
6.894760000000000666e+00,1.180000000000000160e+00,5.515808000000000932e-01,1.427500000000000000e+03,1.717247706422018325e+02,2.039823000000000164e+00
6.894760000000000666e+00,1.180000000000000160e+00,5.584755599999999820e-01,1.427500000000000000e+03,1.713944954128440372e+02,2.023217999999999961e+00
6.894760000000000666e+00,1.180000000000000160e+00,5.653703200000000928e-01,1.427500000000000000e+03,1.710733944954128560e+02,2.007017999999999969e+00
6.894760000000000666e+00,1.180000000000000160e+00,5.722650799999999816e-01,1.427500000000000000e+03,1.707522935779816464e+02,1.991142000000000190e+00
6.894760000000000666e+00,1.180000000000000160e+00,5.791598399999999813e-01,1.427500000000000000e+03,1.704311926605504652e+02,1.975670999999999955e+00
6.894760000000000666e+00,1.180000000000000160e+00,5.860545999999999811e-01,1.427500000000000000e+03,1.701100917431192840e+02,1.960443000000000158e+00
6.894760000000000666e+00,1.180000000000000160e+00,5.929493599999998699e-01,1.427500000000000000e+03,1.697981651376146885e+02,1.945620000000000127e+00
6.894760000000000666e+00,1.180000000000000160e+00,5.998441199999998696e-01,1.427500000000000000e+03,1.694862385321100930e+02,1.931040000000000090e+00
6.894760000000000666e+00,1.180000000000000160e+00,6.067388799999998694e-01,1.427500000000000000e+03,1.691743119266054975e+02,1.916784000000000265e+00
6.894760000000000666e+00,1.180000000000000160e+00,6.136336399999998692e-01,1.427500000000000000e+03,1.688623853211009020e+02,1.902770999999999990e+00
6.894760000000000666e+00,1.180000000000000160e+00,6.205283999999997580e-01,1.427500000000000000e+03,1.685596330275229207e+02,1.889081999999999928e+00
6.894760000000000666e+00,1.180000000000000160e+00,6.274231599999998688e-01,1.427500000000000000e+03,1.682477064220183536e+02,1.875636000000000081e+00
6.894760000000000666e+00,1.180000000000000160e+00,6.343179199999997575e-01,1.427500000000000000e+03,1.679449541284403438e+02,1.862433000000000227e+00
6.894760000000000666e+00,1.180000000000000160e+00,6.412126799999997573e-01,1.427500000000000000e+03,1.676513761467890049e+02,1.849553999999999920e+00
6.894760000000000666e+00,1.180000000000000160e+00,6.481074399999997571e-01,1.427500000000000000e+03,1.673486238532109951e+02,1.836837000000000053e+00
6.894760000000000666e+00,1.180000000000000160e+00,6.550021999999997568e-01,1.427500000000000000e+03,1.670550458715596562e+02,1.824444000000000177e+00
6.894760000000000666e+00,1.180000000000000160e+00,6.618969599999997566e-01,1.427500000000000000e+03,1.667614678899082605e+02,1.812213000000000074e+00
6.894760000000000666e+00,1.180000000000000160e+00,6.687917199999996454e-01,1.427500000000000000e+03,1.664678899082568648e+02,1.800225000000000186e+00
6.894760000000000666e+00,1.180000000000000160e+00,6.756864799999996452e-01,1.427500000000000000e+03,1.661743119266054975e+02,1.788480000000000292e+00
6.894760000000000666e+00,1.180000000000000160e+00,6.825812399999995339e-01,1.427500000000000000e+03,1.658899082568807444e+02,1.776978000000000169e+00
6.894760000000000666e+00,1.180000000000000160e+00,6.894759999999995337e-01,1.427500000000000000e+03,1.656055045871559344e+02,1.765638000000000263e+00
6.894760000000000666e+00,1.180000000000000160e+00,6.963707599999996445e-01,1.427500000000000000e+03,1.653211009174311812e+02,1.754460000000000131e+00
6.894760000000000666e+00,1.180000000000000160e+00,7.032655199999995332e-01,1.427500000000000000e+03,1.650366972477064280e+02,1.743524999999999991e+00
6.894760000000000666e+00,1.180000000000000160e+00,7.101602799999995330e-01,1.427500000000000000e+03,1.647522935779816464e+02,1.732752000000000292e+00
6.894760000000000666e+00,1.180000000000000160e+00,7.170550399999995328e-01,1.427500000000000000e+03,1.644770642201834789e+02,1.722221999999999920e+00
6.894760000000000666e+00,1.180000000000000160e+00,7.239497999999994216e-01,1.427500000000000000e+03,1.642018348623853115e+02,1.711853999999999987e+00
6.894760000000000666e+00,1.180000000000000160e+00,7.308445599999994213e-01,1.427500000000000000e+03,1.639266055045871724e+02,1.701648000000000049e+00
6.894760000000000666e+00,1.180000000000000160e+00,7.377393199999995321e-01,1.427500000000000000e+03,1.636513761467889765e+02,1.691604000000000108e+00
6.894760000000000666e+00,1.180000000000000160e+00,7.446340799999994209e-01,1.427500000000000000e+03,1.633761467889908090e+02,1.681722000000000161e+00
6.894760000000000666e+00,1.180000000000000160e+00,7.515288399999994207e-01,1.427500000000000000e+03,1.631009174311926699e+02,1.672002000000000210e+00
6.894760000000000666e+00,1.180000000000000160e+00,7.584235999999993094e-01,1.427500000000000000e+03,1.628348623853211166e+02,1.662444000000000033e+00
6.894760000000000666e+00,1.180000000000000160e+00,7.653183599999993092e-01,1.427500000000000000e+03,1.625688073394495348e+02,1.653048000000000073e+00
6.894760000000000666e+00,1.180000000000000160e+00,7.722131199999991980e-01,1.427500000000000000e+03,1.623027522935779814e+02,1.643814000000000108e+00
6.894760000000000666e+00,1.180000000000000160e+00,7.791078799999993088e-01,1.427500000000000000e+03,1.620366972477064280e+02,1.634742000000000361e+00
6.894760000000000666e+00,1.180000000000000160e+00,7.860026399999993085e-01,1.427500000000000000e+03,1.617706422018348462e+02,1.625750999999999946e+00
6.894760000000000666e+00,1.180000000000000160e+00,7.928973999999991973e-01,1.427500000000000000e+03,1.615137614678899070e+02,1.616922000000000192e+00
6.894760000000000666e+00,1.180000000000000160e+00,7.997921599999991971e-01,1.427500000000000000e+03,1.612477064220183252e+02,1.608255000000000212e+00
6.894760000000000666e+00,1.180000000000000160e+00,8.066869199999991968e-01,1.427500000000000000e+03,1.609908256880733859e+02,1.599750000000000227e+00
6.894760000000000666e+00,1.180000000000000160e+00,8.135816799999990856e-01,1.427500000000000000e+03,1.607339449541284182e+02,1.591326000000000018e+00
6.894760000000000666e+00,1.180000000000000160e+00,8.204764399999991964e-01,1.427500000000000000e+03,1.604770642201834789e+02,1.583064000000000027e+00
6.894760000000000666e+00,1.190000000000000169e+00,5.515808000000000932e-01,1.432299999999999955e+03,1.723211009174311812e+02,2.040552000000000366e+00
6.894760000000000666e+00,1.190000000000000169e+00,5.584755599999999820e-01,1.432299999999999955e+03,1.719908256880733859e+02,2.024028000000000382e+00
6.894760000000000666e+00,1.190000000000000169e+00,5.653703200000000928e-01,1.432299999999999955e+03,1.716605504587155906e+02,2.007828000000000390e+00
6.894760000000000666e+00,1.190000000000000169e+00,5.722650799999999816e-01,1.432299999999999955e+03,1.713394495412843810e+02,1.991952000000000167e+00
6.894760000000000666e+00,1.190000000000000169e+00,5.791598399999999813e-01,1.432299999999999955e+03,1.710183486238531998e+02,1.976481000000000154e+00
6.894760000000000666e+00,1.190000000000000169e+00,5.860545999999999811e-01,1.432299999999999955e+03,1.706972477064219902e+02,1.961253000000000135e+00
6.894760000000000666e+00,1.190000000000000169e+00,5.929493599999998699e-01,1.432299999999999955e+03,1.703761467889908090e+02,1.946348999999999885e+00
6.894760000000000666e+00,1.190000000000000169e+00,5.998441199999998696e-01,1.432299999999999955e+03,1.700642201834862135e+02,1.931769000000000069e+00
6.894760000000000666e+00,1.190000000000000169e+00,6.067388799999998694e-01,1.432299999999999955e+03,1.697522935779816464e+02,1.917513000000000245e+00
6.894760000000000666e+00,1.190000000000000169e+00,6.136336399999998692e-01,1.432299999999999955e+03,1.694403669724770793e+02,1.903580999999999968e+00
6.894760000000000666e+00,1.190000000000000169e+00,6.205283999999997580e-01,1.432299999999999955e+03,1.691376146788990695e+02,1.889811000000000130e+00
6.894760000000000666e+00,1.190000000000000169e+00,6.274231599999998688e-01,1.432299999999999955e+03,1.688256880733945025e+02,1.876365000000000061e+00
6.894760000000000666e+00,1.190000000000000169e+00,6.343179199999997575e-01,1.432299999999999955e+03,1.685229357798165211e+02,1.863243000000000205e+00
6.894760000000000666e+00,1.190000000000000169e+00,6.412126799999997573e-01,1.432299999999999955e+03,1.682201834862385113e+02,1.850283000000000122e+00
6.894760000000000666e+00,1.190000000000000169e+00,6.481074399999997571e-01,1.432299999999999955e+03,1.679266055045871724e+02,1.837647000000000030e+00
6.894760000000000666e+00,1.190000000000000169e+00,6.550021999999997568e-01,1.432299999999999955e+03,1.676238532110091626e+02,1.825172999999999934e+00
6.894760000000000666e+00,1.190000000000000169e+00,6.618969599999997566e-01,1.432299999999999955e+03,1.673302752293577953e+02,1.812942000000000053e+00
6.894760000000000666e+00,1.190000000000000169e+00,6.687917199999996454e-01,1.432299999999999955e+03,1.670366972477064280e+02,1.800953999999999944e+00
6.894760000000000666e+00,1.190000000000000169e+00,6.756864799999996452e-01,1.432299999999999955e+03,1.667522935779816464e+02,1.789209000000000049e+00
6.894760000000000666e+00,1.190000000000000169e+00,6.825812399999995339e-01,1.432299999999999955e+03,1.664587155963302791e+02,1.777707000000000148e+00
6.894760000000000666e+00,1.190000000000000169e+00,6.894759999999995337e-01,1.432299999999999955e+03,1.661743119266054975e+02,1.766367000000000020e+00
6.894760000000000666e+00,1.190000000000000169e+00,6.963707599999996445e-01,1.432299999999999955e+03,1.658899082568807444e+02,1.755189000000000110e+00
6.894760000000000666e+00,1.190000000000000169e+00,7.032655199999995332e-01,1.432299999999999955e+03,1.656055045871559344e+02,1.744254000000000193e+00
6.894760000000000666e+00,1.190000000000000169e+00,7.101602799999995330e-01,1.432299999999999955e+03,1.653211009174311812e+02,1.733481000000000050e+00
6.894760000000000666e+00,1.190000000000000169e+00,7.170550399999995328e-01,1.432299999999999955e+03,1.650366972477064280e+02,1.722951000000000121e+00
6.894760000000000666e+00,1.190000000000000169e+00,7.239497999999994216e-01,1.432299999999999955e+03,1.647614678899082605e+02,1.712501999999999969e+00
6.894760000000000666e+00,1.190000000000000169e+00,7.308445599999994213e-01,1.432299999999999955e+03,1.644862385321100930e+02,1.702296000000000031e+00
6.894760000000000666e+00,1.190000000000000169e+00,7.377393199999995321e-01,1.432299999999999955e+03,1.642110091743119256e+02,1.692252000000000089e+00
6.894760000000000666e+00,1.190000000000000169e+00,7.446340799999994209e-01,1.432299999999999955e+03,1.639357798165137581e+02,1.682370000000000143e+00
6.894760000000000666e+00,1.190000000000000169e+00,7.515288399999994207e-01,1.432299999999999955e+03,1.636605504587156190e+02,1.672649999999999970e+00
6.894760000000000666e+00,1.190000000000000169e+00,7.584235999999993094e-01,1.432299999999999955e+03,1.633944954128440372e+02,1.663092000000000015e+00
6.894760000000000666e+00,1.190000000000000169e+00,7.653183599999993092e-01,1.432299999999999955e+03,1.631192660550458697e+02,1.653696000000000055e+00
6.894760000000000666e+00,1.190000000000000169e+00,7.722131199999991980e-01,1.432299999999999955e+03,1.628532110091743164e+02,1.644461999999999868e+00
6.894760000000000666e+00,1.190000000000000169e+00,7.791078799999993088e-01,1.432299999999999955e+03,1.625871559633027630e+02,1.635390000000000121e+00
6.894760000000000666e+00,1.190000000000000169e+00,7.860026399999993085e-01,1.432299999999999955e+03,1.623211009174311812e+02,1.626398999999999928e+00
6.894760000000000666e+00,1.190000000000000169e+00,7.928973999999991973e-01,1.432299999999999955e+03,1.620642201834862419e+02,1.617570000000000174e+00
6.894760000000000666e+00,1.190000000000000169e+00,7.997921599999991971e-01,1.432299999999999955e+03,1.617981651376146885e+02,1.608902999999999972e+00
6.894760000000000666e+00,1.190000000000000169e+00,8.066869199999991968e-01,1.432299999999999955e+03,1.615412844036697209e+02,1.600398000000000209e+00
6.894760000000000666e+00,1.190000000000000169e+00,8.135816799999990856e-01,1.432299999999999955e+03,1.612844036697247816e+02,1.591974000000000222e+00
6.894760000000000666e+00,1.190000000000000169e+00,8.204764399999991964e-01,1.432299999999999955e+03,1.610275229357798139e+02,1.583712000000000231e+00
6.894760000000000666e+00,1.200000000000000178e+00,5.515808000000000932e-01,1.437099999999999909e+03,1.728990825688073301e+02,2.041443000000000119e+00
6.894760000000000666e+00,1.200000000000000178e+00,5.584755599999999820e-01,1.437099999999999909e+03,1.725688073394495348e+02,2.024919000000000135e+00
6.894760000000000666e+00,1.200000000000000178e+00,5.653703200000000928e-01,1.437099999999999909e+03,1.722385321100917679e+02,2.008637999999999924e+00
6.894760000000000666e+00,1.200000000000000178e+00,5.722650799999999816e-01,1.437099999999999909e+03,1.719174311926605583e+02,1.992843000000000364e+00
6.894760000000000666e+00,1.200000000000000178e+00,5.791598399999999813e-01,1.437099999999999909e+03,1.715871559633027630e+02,1.977291000000000132e+00
6.894760000000000666e+00,1.200000000000000178e+00,5.860545999999999811e-01,1.437099999999999909e+03,1.712660550458715534e+02,1.962063000000000113e+00
6.894760000000000666e+00,1.200000000000000178e+00,5.929493599999998699e-01,1.437099999999999909e+03,1.709541284403669863e+02,1.947240000000000082e+00
6.894760000000000666e+00,1.200000000000000178e+00,5.998441199999998696e-01,1.437099999999999909e+03,1.706330275229357767e+02,1.932660000000000267e+00
6.894760000000000666e+00,1.200000000000000178e+00,6.067388799999998694e-01,1.437099999999999909e+03,1.703211009174311812e+02,1.918323000000000222e+00
6.894760000000000666e+00,1.200000000000000178e+00,6.136336399999998692e-01,1.437099999999999909e+03,1.700091743119266141e+02,1.904391000000000389e+00
6.894760000000000666e+00,1.200000000000000178e+00,6.205283999999997580e-01,1.437099999999999909e+03,1.697064220183486327e+02,1.890621000000000107e+00
6.894760000000000666e+00,1.200000000000000178e+00,6.274231599999998688e-01,1.437099999999999909e+03,1.693944954128440372e+02,1.877175000000000038e+00
6.894760000000000666e+00,1.200000000000000178e+00,6.343179199999997575e-01,1.437099999999999909e+03,1.690917431192660558e+02,1.864052999999999960e+00
6.894760000000000666e+00,1.200000000000000178e+00,6.412126799999997573e-01,1.437099999999999909e+03,1.687889908256880744e+02,1.851093000000000099e+00
6.894760000000000666e+00,1.200000000000000178e+00,6.481074399999997571e-01,1.437099999999999909e+03,1.684862385321100930e+02,1.838376000000000232e+00
6.894760000000000666e+00,1.200000000000000178e+00,6.550021999999997568e-01,1.437099999999999909e+03,1.681926605504586973e+02,1.825983000000000356e+00
6.894760000000000666e+00,1.200000000000000178e+00,6.618969599999997566e-01,1.437099999999999909e+03,1.678899082568807160e+02,1.813752000000000031e+00
6.894760000000000666e+00,1.200000000000000178e+00,6.687917199999996454e-01,1.437099999999999909e+03,1.675963302752293487e+02,1.801764000000000143e+00
6.894760000000000666e+00,1.200000000000000178e+00,6.756864799999996452e-01,1.437099999999999909e+03,1.673119266055045955e+02,1.790019000000000249e+00
6.894760000000000666e+00,1.200000000000000178e+00,6.825812399999995339e-01,1.437099999999999909e+03,1.670183486238532282e+02,1.778436000000000350e+00
6.894760000000000666e+00,1.200000000000000178e+00,6.894759999999995337e-01,1.437099999999999909e+03,1.667247706422018041e+02,1.767096000000000000e+00
6.894760000000000666e+00,1.200000000000000178e+00,6.963707599999996445e-01,1.437099999999999909e+03,1.664403669724770793e+02,1.755918000000000312e+00
6.894760000000000666e+00,1.200000000000000178e+00,7.032655199999995332e-01,1.437099999999999909e+03,1.661559633027522977e+02,1.744983000000000173e+00
6.894760000000000666e+00,1.200000000000000178e+00,7.101602799999995330e-01,1.437099999999999909e+03,1.658715596330275162e+02,1.734210000000000029e+00
6.894760000000000666e+00,1.200000000000000178e+00,7.170550399999995328e-01,1.437099999999999909e+03,1.655963302752293771e+02,1.723680000000000101e+00
6.894760000000000666e+00,1.200000000000000178e+00,7.239497999999994216e-01,1.437099999999999909e+03,1.653119266055045955e+02,1.713231000000000170e+00
6.894760000000000666e+00,1.200000000000000178e+00,7.308445599999994213e-01,1.437099999999999909e+03,1.650366972477064280e+02,1.703025000000000233e+00
6.894760000000000666e+00,1.200000000000000178e+00,7.377393199999995321e-01,1.437099999999999909e+03,1.647614678899082605e+02,1.692981000000000069e+00
6.894760000000000666e+00,1.200000000000000178e+00,7.446340799999994209e-01,1.437099999999999909e+03,1.644862385321100930e+02,1.683099000000000123e+00
6.894760000000000666e+00,1.200000000000000178e+00,7.515288399999994207e-01,1.437099999999999909e+03,1.642110091743119256e+02,1.673379000000000172e+00
6.894760000000000666e+00,1.200000000000000178e+00,7.584235999999993094e-01,1.437099999999999909e+03,1.639357798165137581e+02,1.663821000000000216e+00
6.894760000000000666e+00,1.200000000000000178e+00,7.653183599999993092e-01,1.437099999999999909e+03,1.636697247706422047e+02,1.654425000000000034e+00
6.894760000000000666e+00,1.200000000000000178e+00,7.722131199999991980e-01,1.437099999999999909e+03,1.634036697247706229e+02,1.645191000000000070e+00
6.894760000000000666e+00,1.200000000000000178e+00,7.791078799999993088e-01,1.437099999999999909e+03,1.631376146788990695e+02,1.636118999999999879e+00
6.894760000000000666e+00,1.200000000000000178e+00,7.860026399999993085e-01,1.437099999999999909e+03,1.628715596330275162e+02,1.627128000000000130e+00
6.894760000000000666e+00,1.200000000000000178e+00,7.928973999999991973e-01,1.437099999999999909e+03,1.626055045871559628e+02,1.618299000000000154e+00
6.894760000000000666e+00,1.200000000000000178e+00,7.997921599999991971e-01,1.437099999999999909e+03,1.623394495412844094e+02,1.609632000000000174e+00
6.894760000000000666e+00,1.200000000000000178e+00,8.066869199999991968e-01,1.437099999999999909e+03,1.620825688073394417e+02,1.601045999999999969e+00
6.894760000000000666e+00,1.200000000000000178e+00,8.135816799999990856e-01,1.437099999999999909e+03,1.618165137614678883e+02,1.592621999999999982e+00
6.894760000000000666e+00,1.200000000000000178e+00,8.204764399999991964e-01,1.437099999999999909e+03,1.615596330275229207e+02,1.584359999999999991e+00
6.894760000000000666e+00,1.210000000000000187e+00,5.515808000000000932e-01,1.441799999999999955e+03,1.734678899082568648e+02,2.042333999999999872e+00
6.894760000000000666e+00,1.210000000000000187e+00,5.584755599999999820e-01,1.441799999999999955e+03,1.731376146788990980e+02,2.025809999999999889e+00
6.894760000000000666e+00,1.210000000000000187e+00,5.653703200000000928e-01,1.441799999999999955e+03,1.728073394495412742e+02,2.009529000000000121e+00
6.894760000000000666e+00,1.210000000000000187e+00,5.722650799999999816e-01,1.441799999999999955e+03,1.724770642201834789e+02,1.993733999999999895e+00
6.894760000000000666e+00,1.210000000000000187e+00,5.791598399999999813e-01,1.441799999999999955e+03,1.721559633027522693e+02,1.978182000000000329e+00
6.894760000000000666e+00,1.210000000000000187e+00,5.860545999999999811e-01,1.441799999999999955e+03,1.718348623853211166e+02,1.962954000000000088e+00
6.894760000000000666e+00,1.210000000000000187e+00,5.929493599999998699e-01,1.441799999999999955e+03,1.715137614678899070e+02,1.948050000000000059e+00
6.894760000000000666e+00,1.210000000000000187e+00,5.998441199999998696e-01,1.441799999999999955e+03,1.712018348623853115e+02,1.933470000000000244e+00
6.894760000000000666e+00,1.210000000000000187e+00,6.067388799999998694e-01,1.441799999999999955e+03,1.708807339449541018e+02,1.919214000000000198e+00
6.894760000000000666e+00,1.210000000000000187e+00,6.136336399999998692e-01,1.441799999999999955e+03,1.705688073394495632e+02,1.905201000000000144e+00
6.894760000000000666e+00,1.210000000000000187e+00,6.205283999999997580e-01,1.441799999999999955e+03,1.702568807339449393e+02,1.891512000000000082e+00
6.894760000000000666e+00,1.210000000000000187e+00,6.274231599999998688e-01,1.441799999999999955e+03,1.699541284403669863e+02,1.878066000000000013e+00
6.894760000000000666e+00,1.210000000000000187e+00,6.343179199999997575e-01,1.441799999999999955e+03,1.696513761467890049e+02,1.864862999999999937e+00
6.894760000000000666e+00,1.210000000000000187e+00,6.412126799999997573e-01,1.441799999999999955e+03,1.693486238532110235e+02,1.851903000000000299e+00
6.894760000000000666e+00,1.210000000000000187e+00,6.481074399999997571e-01,1.441799999999999955e+03,1.690458715596330137e+02,1.839267000000000207e+00
6.894760000000000666e+00,1.210000000000000187e+00,6.550021999999997568e-01,1.441799999999999955e+03,1.687431192660550607e+02,1.826793000000000111e+00
6.894760000000000666e+00,1.210000000000000187e+00,6.618969599999997566e-01,1.441799999999999955e+03,1.684495412844036366e+02,1.814562000000000230e+00
6.894760000000000666e+00,1.210000000000000187e+00,6.687917199999996454e-01,1.441799999999999955e+03,1.681467889908256836e+02,1.802574000000000121e+00
6.894760000000000666e+00,1.210000000000000187e+00,6.756864799999996452e-01,1.441799999999999955e+03,1.678532110091742879e+02,1.790829000000000226e+00
6.894760000000000666e+00,1.210000000000000187e+00,6.825812399999995339e-01,1.441799999999999955e+03,1.675688073394495348e+02,1.779246000000000105e+00
6.894760000000000666e+00,1.210000000000000187e+00,6.894759999999995337e-01,1.441799999999999955e+03,1.672752293577981675e+02,1.767905999999999977e+00
6.894760000000000666e+00,1.210000000000000187e+00,6.963707599999996445e-01,1.441799999999999955e+03,1.669908256880733859e+02,1.756728000000000067e+00
6.894760000000000666e+00,1.210000000000000187e+00,7.032655199999995332e-01,1.441799999999999955e+03,1.667064220183486043e+02,1.745793000000000150e+00
6.894760000000000666e+00,1.210000000000000187e+00,7.101602799999995330e-01,1.441799999999999955e+03,1.664220183486238511e+02,1.735020000000000007e+00
6.894760000000000666e+00,1.210000000000000187e+00,7.170550399999995328e-01,1.441799999999999955e+03,1.661376146788990980e+02,1.724408999999999859e+00
6.894760000000000666e+00,1.210000000000000187e+00,7.239497999999994216e-01,1.441799999999999955e+03,1.658532110091743164e+02,1.714040999999999926e+00
6.894760000000000666e+00,1.210000000000000187e+00,7.308445599999994213e-01,1.441799999999999955e+03,1.655779816513761489e+02,1.703834999999999988e+00
6.894760000000000666e+00,1.210000000000000187e+00,7.377393199999995321e-01,1.441799999999999955e+03,1.653027522935779530e+02,1.693791000000000047e+00
6.894760000000000666e+00,1.210000000000000187e+00,7.446340799999994209e-01,1.441799999999999955e+03,1.650183486238531998e+02,1.683909000000000100e+00
6.894760000000000666e+00,1.210000000000000187e+00,7.515288399999994207e-01,1.441799999999999955e+03,1.647522935779816464e+02,1.674189000000000149e+00
6.894760000000000666e+00,1.210000000000000187e+00,7.584235999999993094e-01,1.441799999999999955e+03,1.644770642201834789e+02,1.664550000000000196e+00
6.894760000000000666e+00,1.210000000000000187e+00,7.653183599999993092e-01,1.441799999999999955e+03,1.642018348623853115e+02,1.655154000000000236e+00
6.894760000000000666e+00,1.210000000000000187e+00,7.722131199999991980e-01,1.441799999999999955e+03,1.639357798165137581e+02,1.645920000000000050e+00
6.894760000000000666e+00,1.210000000000000187e+00,7.791078799999993088e-01,1.441799999999999955e+03,1.636697247706422047e+02,1.636848000000000081e+00
6.894760000000000666e+00,1.210000000000000187e+00,7.860026399999993085e-01,1.441799999999999955e+03,1.634036697247706229e+02,1.627857000000000109e+00
6.894760000000000666e+00,1.210000000000000187e+00,7.928973999999991973e-01,1.441799999999999955e+03,1.631376146788990695e+02,1.619028000000000134e+00
6.894760000000000666e+00,1.210000000000000187e+00,7.997921599999991971e-01,1.441799999999999955e+03,1.628715596330275162e+02,1.610361000000000153e+00
6.894760000000000666e+00,1.210000000000000187e+00,8.066869199999991968e-01,1.441799999999999955e+03,1.626055045871559628e+02,1.601775000000000171e+00
6.894760000000000666e+00,1.210000000000000187e+00,8.135816799999990856e-01,1.441799999999999955e+03,1.623486238532109951e+02,1.593351000000000184e+00
6.894760000000000666e+00,1.210000000000000187e+00,8.204764399999991964e-01,1.441799999999999955e+03,1.620917431192660558e+02,1.585089000000000192e+00
6.894760000000000666e+00,1.220000000000000195e+00,5.515808000000000932e-01,1.446500000000000000e+03,1.740275229357798139e+02,2.043306000000000289e+00
6.894760000000000666e+00,1.220000000000000195e+00,5.584755599999999820e-01,1.446500000000000000e+03,1.736972477064220186e+02,2.026701000000000086e+00
6.894760000000000666e+00,1.220000000000000195e+00,5.653703200000000928e-01,1.446500000000000000e+03,1.733669724770642233e+02,2.010501000000000094e+00
6.894760000000000666e+00,1.220000000000000195e+00,5.722650799999999816e-01,1.446500000000000000e+03,1.730366972477063996e+02,1.994625000000000092e+00
6.894760000000000666e+00,1.220000000000000195e+00,5.791598399999999813e-01,1.446500000000000000e+03,1.727155963302752184e+02,1.979073000000000082e+00
6.894760000000000666e+00,1.220000000000000195e+00,5.860545999999999811e-01,1.446500000000000000e+03,1.723853211009174231e+02,1.963926000000000061e+00
6.894760000000000666e+00,1.220000000000000195e+00,5.929493599999998699e-01,1.446500000000000000e+03,1.720642201834862419e+02,1.949022000000000254e+00
6.894760000000000666e+00,1.220000000000000195e+00,5.998441199999998696e-01,1.446500000000000000e+03,1.717522935779816180e+02,1.934441999999999995e+00
6.894760000000000666e+00,1.220000000000000195e+00,6.067388799999998694e-01,1.446500000000000000e+03,1.714311926605504652e+02,1.920104999999999951e+00
6.894760000000000666e+00,1.220000000000000195e+00,6.136336399999998692e-01,1.446500000000000000e+03,1.711192660550458697e+02,1.906092000000000342e+00
6.894760000000000666e+00,1.220000000000000195e+00,6.205283999999997580e-01,1.446500000000000000e+03,1.708073394495412742e+02,1.892403000000000057e+00
6.894760000000000666e+00,1.220000000000000195e+00,6.274231599999998688e-01,1.446500000000000000e+03,1.705045871559632928e+02,1.878957000000000210e+00
6.894760000000000666e+00,1.220000000000000195e+00,6.343179199999997575e-01,1.446500000000000000e+03,1.701926605504586973e+02,1.865754000000000135e+00
6.894760000000000666e+00,1.220000000000000195e+00,6.412126799999997573e-01,1.446500000000000000e+03,1.698899082568807160e+02,1.852794000000000052e+00
6.894760000000000666e+00,1.220000000000000195e+00,6.481074399999997571e-01,1.446500000000000000e+03,1.695871559633027630e+02,1.840077000000000185e+00
6.894760000000000666e+00,1.220000000000000195e+00,6.550021999999997568e-01,1.446500000000000000e+03,1.692844036697247816e+02,1.827684000000000308e+00
6.894760000000000666e+00,1.220000000000000195e+00,6.618969599999997566e-01,1.446500000000000000e+03,1.689908256880733859e+02,1.815452999999999983e+00
6.894760000000000666e+00,1.220000000000000195e+00,6.687917199999996454e-01,1.446500000000000000e+03,1.686880733944954329e+02,1.803384000000000098e+00
6.894760000000000666e+00,1.220000000000000195e+00,6.756864799999996452e-01,1.446500000000000000e+03,1.683944954128440088e+02,1.791639000000000204e+00
6.894760000000000666e+00,1.220000000000000195e+00,6.825812399999995339e-01,1.446500000000000000e+03,1.681009174311926415e+02,1.780056000000000083e+00
6.894760000000000666e+00,1.220000000000000195e+00,6.894759999999995337e-01,1.446500000000000000e+03,1.678165137614678883e+02,1.768716000000000177e+00
6.894760000000000666e+00,1.220000000000000195e+00,6.963707599999996445e-01,1.446500000000000000e+03,1.675229357798165211e+02,1.757538000000000045e+00
6.894760000000000666e+00,1.220000000000000195e+00,7.032655199999995332e-01,1.446500000000000000e+03,1.672385321100917395e+02,1.746603000000000128e+00
6.894760000000000666e+00,1.220000000000000195e+00,7.101602799999995330e-01,1.446500000000000000e+03,1.669541284403669579e+02,1.735829999999999984e+00
6.894760000000000666e+00,1.220000000000000195e+00,7.170550399999995328e-01,1.446500000000000000e+03,1.666697247706422047e+02,1.725219000000000280e+00
6.894760000000000666e+00,1.220000000000000195e+00,7.239497999999994216e-01,1.446500000000000000e+03,1.663853211009174231e+02,1.714851000000000347e+00
6.894760000000000666e+00,1.220000000000000195e+00,7.308445599999994213e-01,1.446500000000000000e+03,1.661100917431192556e+02,1.704644999999999966e+00
6.894760000000000666e+00,1.220000000000000195e+00,7.377393199999995321e-01,1.446500000000000000e+03,1.658256880733945025e+02,1.694520000000000248e+00
6.894760000000000666e+00,1.220000000000000195e+00,7.446340799999994209e-01,1.446500000000000000e+03,1.655504587155963065e+02,1.684638000000000080e+00
6.894760000000000666e+00,1.220000000000000195e+00,7.515288399999994207e-01,1.446500000000000000e+03,1.652752293577981675e+02,1.674918000000000129e+00
6.894760000000000666e+00,1.220000000000000195e+00,7.584235999999993094e-01,1.446500000000000000e+03,1.650000000000000000e+02,1.665360000000000174e+00
6.894760000000000666e+00,1.220000000000000195e+00,7.653183599999993092e-01,1.446500000000000000e+03,1.647339449541284466e+02,1.655964000000000214e+00
6.894760000000000666e+00,1.220000000000000195e+00,7.722131199999991980e-01,1.446500000000000000e+03,1.644587155963302507e+02,1.646649000000000251e+00
6.894760000000000666e+00,1.220000000000000195e+00,7.791078799999993088e-01,1.446500000000000000e+03,1.641926605504586973e+02,1.637577000000000060e+00
6.894760000000000666e+00,1.220000000000000195e+00,7.860026399999993085e-01,1.446500000000000000e+03,1.639266055045871724e+02,1.628586000000000311e+00
6.894760000000000666e+00,1.220000000000000195e+00,7.928973999999991973e-01,1.446500000000000000e+03,1.636605504587156190e+02,1.619757000000000113e+00
6.894760000000000666e+00,1.220000000000000195e+00,7.997921599999991971e-01,1.446500000000000000e+03,1.633944954128440372e+02,1.611090000000000133e+00
6.894760000000000666e+00,1.220000000000000195e+00,8.066869199999991968e-01,1.446500000000000000e+03,1.631284403669724554e+02,1.602504000000000151e+00
6.894760000000000666e+00,1.220000000000000195e+00,8.135816799999990856e-01,1.446500000000000000e+03,1.628715596330275162e+02,1.594080000000000163e+00
6.894760000000000666e+00,1.220000000000000195e+00,8.204764399999991964e-01,1.446500000000000000e+03,1.626055045871559628e+02,1.585818000000000172e+00
6.894760000000000666e+00,1.230000000000000204e+00,5.515808000000000932e-01,1.451000000000000000e+03,1.745779816513761489e+02,2.044359000000000037e+00
6.894760000000000666e+00,1.230000000000000204e+00,5.584755599999999820e-01,1.451000000000000000e+03,1.742477064220183252e+02,2.027754000000000278e+00
6.894760000000000666e+00,1.230000000000000204e+00,5.653703200000000928e-01,1.451000000000000000e+03,1.739174311926605583e+02,2.011473000000000066e+00
6.894760000000000666e+00,1.230000000000000204e+00,5.722650799999999816e-01,1.451000000000000000e+03,1.735871559633027346e+02,1.995596999999999843e+00
6.894760000000000666e+00,1.230000000000000204e+00,5.791598399999999813e-01,1.451000000000000000e+03,1.732568807339449677e+02,1.980045000000000277e+00
6.894760000000000666e+00,1.230000000000000204e+00,5.860545999999999811e-01,1.451000000000000000e+03,1.729357798165137581e+02,1.964898000000000255e+00
6.894760000000000666e+00,1.230000000000000204e+00,5.929493599999998699e-01,1.451000000000000000e+03,1.726146788990825485e+02,1.949994000000000005e+00
6.894760000000000666e+00,1.230000000000000204e+00,5.998441199999998696e-01,1.451000000000000000e+03,1.722935779816513957e+02,1.935333000000000192e+00
6.894760000000000666e+00,1.230000000000000204e+00,6.067388799999998694e-01,1.451000000000000000e+03,1.719724770642201861e+02,1.921077000000000146e+00
6.894760000000000666e+00,1.230000000000000204e+00,6.136336399999998692e-01,1.451000000000000000e+03,1.716605504587155906e+02,1.907064000000000092e+00
6.894760000000000666e+00,1.230000000000000204e+00,6.205283999999997580e-01,1.451000000000000000e+03,1.713486238532109951e+02,1.893294000000000255e+00
6.894760000000000666e+00,1.230000000000000204e+00,6.274231599999998688e-01,1.451000000000000000e+03,1.710366972477063996e+02,1.879848000000000185e+00
6.894760000000000666e+00,1.230000000000000204e+00,6.343179199999997575e-01,1.451000000000000000e+03,1.707339449541284182e+02,1.866645000000000110e+00
6.894760000000000666e+00,1.230000000000000204e+00,6.412126799999997573e-01,1.451000000000000000e+03,1.704220183486238511e+02,1.853685000000000027e+00
6.894760000000000666e+00,1.230000000000000204e+00,6.481074399999997571e-01,1.451000000000000000e+03,1.701192660550458413e+02,1.840968000000000160e+00
6.894760000000000666e+00,1.230000000000000204e+00,6.550021999999997568e-01,1.451000000000000000e+03,1.698165137614678883e+02,1.828575000000000061e+00
6.894760000000000666e+00,1.230000000000000204e+00,6.618969599999997566e-01,1.451000000000000000e+03,1.695229357798164926e+02,1.816344000000000181e+00
6.894760000000000666e+00,1.230000000000000204e+00,6.687917199999996454e-01,1.451000000000000000e+03,1.692201834862385113e+02,1.804275000000000073e+00
6.894760000000000666e+00,1.230000000000000204e+00,6.756864799999996452e-01,1.451000000000000000e+03,1.689266055045871440e+02,1.792530000000000179e+00
6.894760000000000666e+00,1.230000000000000204e+00,6.825812399999995339e-01,1.451000000000000000e+03,1.686330275229357767e+02,1.780947000000000280e+00
6.894760000000000666e+00,1.230000000000000204e+00,6.894759999999995337e-01,1.451000000000000000e+03,1.683394495412844094e+02,1.769606999999999930e+00
6.894760000000000666e+00,1.230000000000000204e+00,6.963707599999996445e-01,1.451000000000000000e+03,1.680550458715596278e+02,1.758429000000000242e+00
6.894760000000000666e+00,1.230000000000000204e+00,7.032655199999995332e-01,1.451000000000000000e+03,1.677614678899082321e+02,1.747413000000000327e+00
6.894760000000000666e+00,1.230000000000000204e+00,7.101602799999995330e-01,1.451000000000000000e+03,1.674770642201835074e+02,1.736640000000000184e+00
6.894760000000000666e+00,1.230000000000000204e+00,7.170550399999995328e-01,1.451000000000000000e+03,1.671926605504587258e+02,1.726110000000000033e+00
6.894760000000000666e+00,1.230000000000000204e+00,7.239497999999994216e-01,1.451000000000000000e+03,1.669082568807339442e+02,1.715661000000000103e+00
6.894760000000000666e+00,1.230000000000000204e+00,7.308445599999994213e-01,1.451000000000000000e+03,1.666330275229357767e+02,1.705455000000000165e+00
6.894760000000000666e+00,1.230000000000000204e+00,7.377393199999995321e-01,1.451000000000000000e+03,1.663486238532110235e+02,1.695330000000000004e+00
6.894760000000000666e+00,1.230000000000000204e+00,7.446340799999994209e-01,1.451000000000000000e+03,1.660733944954128276e+02,1.685448000000000057e+00
6.894760000000000666e+00,1.230000000000000204e+00,7.515288399999994207e-01,1.451000000000000000e+03,1.657981651376146885e+02,1.675728000000000106e+00
6.894760000000000666e+00,1.230000000000000204e+00,7.584235999999993094e-01,1.451000000000000000e+03,1.655229357798165211e+02,1.666170000000000151e+00
6.894760000000000666e+00,1.230000000000000204e+00,7.653183599999993092e-01,1.451000000000000000e+03,1.652477064220183252e+02,1.656773999999999969e+00
6.894760000000000666e+00,1.230000000000000204e+00,7.722131199999991980e-01,1.451000000000000000e+03,1.649816513761468002e+02,1.647459000000000229e+00
6.894760000000000666e+00,1.230000000000000204e+00,7.791078799999993088e-01,1.451000000000000000e+03,1.647064220183486043e+02,1.638387000000000038e+00
6.894760000000000666e+00,1.230000000000000204e+00,7.860026399999993085e-01,1.451000000000000000e+03,1.644403669724770509e+02,1.629396000000000067e+00
6.894760000000000666e+00,1.230000000000000204e+00,7.928973999999991973e-01,1.451000000000000000e+03,1.641743119266054975e+02,1.620567000000000313e+00
6.894760000000000666e+00,1.230000000000000204e+00,7.997921599999991971e-01,1.451000000000000000e+03,1.639082568807339442e+02,1.611819000000000113e+00
6.894760000000000666e+00,1.230000000000000204e+00,8.066869199999991968e-01,1.451000000000000000e+03,1.636422018348623908e+02,1.603314000000000128e+00
6.894760000000000666e+00,1.230000000000000204e+00,8.135816799999990856e-01,1.451000000000000000e+03,1.633761467889908090e+02,1.594809000000000143e+00
6.894760000000000666e+00,1.230000000000000204e+00,8.204764399999991964e-01,1.451000000000000000e+03,1.631192660550458697e+02,1.586547000000000152e+00
6.894760000000000666e+00,1.240000000000000213e+00,5.515808000000000932e-01,1.455500000000000000e+03,1.751192660550458697e+02,2.045331000000000454e+00
6.894760000000000666e+00,1.240000000000000213e+00,5.584755599999999820e-01,1.455500000000000000e+03,1.747889908256880744e+02,2.028807000000000471e+00
6.894760000000000666e+00,1.240000000000000213e+00,5.653703200000000928e-01,1.455500000000000000e+03,1.744495412844036650e+02,2.012526000000000259e+00
6.894760000000000666e+00,1.240000000000000213e+00,5.722650799999999816e-01,1.455500000000000000e+03,1.741192660550458697e+02,1.996650000000000036e+00
6.894760000000000666e+00,1.240000000000000213e+00,5.791598399999999813e-01,1.455500000000000000e+03,1.737981651376146885e+02,1.981098000000000248e+00
6.894760000000000666e+00,1.240000000000000213e+00,5.860545999999999811e-01,1.455500000000000000e+03,1.734678899082568648e+02,1.965870000000000228e+00
6.894760000000000666e+00,1.240000000000000213e+00,5.929493599999998699e-01,1.455500000000000000e+03,1.731467889908256836e+02,1.950965999999999978e+00
6.894760000000000666e+00,1.240000000000000213e+00,5.998441199999998696e-01,1.455500000000000000e+03,1.728256880733944740e+02,1.936386000000000163e+00
6.894760000000000666e+00,1.240000000000000213e+00,6.067388799999998694e-01,1.455500000000000000e+03,1.725137614678899070e+02,1.922049000000000119e+00
6.894760000000000666e+00,1.240000000000000213e+00,6.136336399999998692e-01,1.455500000000000000e+03,1.721926605504586973e+02,1.908036000000000065e+00
6.894760000000000666e+00,1.240000000000000213e+00,6.205283999999997580e-01,1.455500000000000000e+03,1.718807339449541303e+02,1.894266000000000227e+00
6.894760000000000666e+00,1.240000000000000213e+00,6.274231599999998688e-01,1.455500000000000000e+03,1.715688073394495348e+02,1.880820000000000158e+00
6.894760000000000666e+00,1.240000000000000213e+00,6.343179199999997575e-01,1.455500000000000000e+03,1.712568807339449677e+02,1.867617000000000083e+00
6.894760000000000666e+00,1.240000000000000213e+00,6.412126799999997573e-01,1.455500000000000000e+03,1.709541284403669863e+02,1.854657000000000000e+00
6.894760000000000666e+00,1.240000000000000213e+00,6.481074399999997571e-01,1.455500000000000000e+03,1.706513761467889765e+02,1.841940000000000133e+00
6.894760000000000666e+00,1.240000000000000213e+00,6.550021999999997568e-01,1.455500000000000000e+03,1.703486238532109951e+02,1.829466000000000037e+00
6.894760000000000666e+00,1.240000000000000213e+00,6.618969599999997566e-01,1.455500000000000000e+03,1.700458715596330137e+02,1.817235000000000156e+00
6.894760000000000666e+00,1.240000000000000213e+00,6.687917199999996454e-01,1.455500000000000000e+03,1.697431192660550607e+02,1.805247000000000046e+00
6.894760000000000666e+00,1.240000000000000213e+00,6.756864799999996452e-01,1.455500000000000000e+03,1.694495412844036650e+02,1.793421000000000154e+00
